Coords,PGC,Name1,Name2,Name3,RevHubble,BT,logD25,logD25err,RC3PositionAngle,logR25,logR25err,OrigCoords,Notes,SemiMajorAxis,PositionAngle,SemiMinorAxis
00h23m16.4496s +02d25m17.004s,PGC 01485,,UGC 00220      U,,.L.....,,1.15,.15,177,.43,.08,002316.5+022516,"OFFSET 1.016 arcsec,PANedMedian,",0.706268772311377,88.0,0.26240373012488627
00h25m47.76s -02d17m05.208s,PGC 01609,,MCG -01-02-011 E,IRAS00232-0233,.S..4P/,,1.30,.04,,.90,.04,002547.9-021705,"PANedMedian,",0.9976311574844399,15.0,0.125594321575479
00h26m54.6s -02d30m03s,PGC 01656,NGC 0113,MCG -01-02-016 E,,.LA.-*.,,1.15,.10,,.13,.07,002654.6-023003 N,"OFFSET 1.390 arcsec,PANedMedian,",0.706268772311377,135.0,0.5235642740254497
00h26m58.2s -01d47m10s,PGC 01660,NGC 0114,UGC 00259      U,MK 0946,.LBT.*.,,.93,.06,165,.10,.04,002658.2-014710 N,"LOGD25,NOPA,NOAXIS,PANedMedian,PANedMedian,",0.4255690191011883,117.0,0.3380414876959909
00h27m11.1s +01d20m01s,PGC 01674,NGC 0117,MCG +00-02-029 E,,.L..+*/,,.87,.08,100,.25,.05,002711.1+012001 N,"NOPA,OFFSET 1.927 arcsec,PANedMedian,PANedMedian,",0.37065512065045875,105.0,0.20843469173516768
00h27m16.2s -01d46m48s,PGC 01678,NGC 0118,UGC 00264      E,MK 0947,.I.0..?,,.85,.06,40,.15,.04,002716.2-014648 N,"OFFSET 2.113 arcsec,PANedMedian,",0.35397289219206896,70.0,0.2505936168136361
00h27m30.1s -01d30m48s,PGC 01693,NGC 0120,UGC 00267      P,,.LB.0*.,,1.19,.05,73,.39,.03,002730.1-013048 N,"OFFSET 1.514 arcsec,PANedMedian,",0.7744083094562406,71.0,0.31547867224009657
00h27m49.8s -01d11m59.9s,PGC 01713,,UGC 00272      U,KUG 0025-014,.SXS7*.,,1.16,.03,130,.37,.04,002749.8-011160,"PANedMedian,",0.7227198853729636,126.0,0.30829750093074104
00h27m52.4s -01d48m37s,PGC 01715,NGC 0124,UGC 00271      R,IRAS00253-0205,.SAS5..,,1.15,.03,168,.22,.03,002752.4-014837 N,"OFFSET 1.515 arcsec,PANedMedian,",0.706268772311377,169.0,0.42556901910118816
00h27m58.6s +02d30m27s,PGC 01723,,UGC 00275      E,,.SXT3P?,,1.25,.04,128,.28,.04,002758.6+023027,"PANedMedian,",0.8891397050194614,134.0,0.46662715039849545
00h28m13.8s +03d14m00.708s,PGC 01737,,UGC 00277      U,,.S..6*.,,1.09,.07,160,.09,.06,002813.9+031400,"OFFSET 4.143 arcsec,PANedMedian,",0.6151343854061909,167.0,0.5000000000000001
00h28m21.7296s +03d23m22.812s,PGC 01741,,UGC 00283      U,,.SXS6*.,,1.06,.08,168,.14,.06,002821.8+032321,"PANedMedian,",0.5740768107484414,165.0,0.41588188555133554
00h28m18.5088s +03d22m59.268s,PGC 01746,,UGC 00282      U,,.SXT7..,,1.24,.04,45,.03,.05,002818.6+032301,"OFFSET 1.464 arcsec,PANedMedian,",0.8689004143746877,168.0,0.8109050486794649
00h28m20.5296s -00d13m04.296s,PGC 01747,,UGC 00280      U,,.SB.3..,,1.08,.06,55,.06,.05,002820.6-001305,"OFFSET 2.240 arcsec,PANedMedian,",0.6011322173087066,155.0,0.5235642740254498
00h28m22.1592s +02d31m38.1s,PGC 01748,,UGC 00281      U,KUG 0025+022,.S..6*.,,1.04,.04,22,.36,.04,002822.2+023137,"OFFSET 3.366 arcsec,PANedMedian,",0.5482390980715925,21.0,0.23931504616131918
00h28m38.22s +02d57m15.516s,PGC 01760,A 0026+02,MCG +00-02-045 P,,.S..4*/,,.94,.08,55,.64,.05,002838.1+025715 A,"NOPA,OFFSET 13.922 arcsec,NedNoPA,PANedMedian,",0.43548179497804024,60.0,0.09976311574844396
00h28m48.2592s +03d25m46.092s,PGC 01770,,MCG +00-02-047,ARAK 011,,,.64,.17,,.19,.07,002848.3+032552,"LOGD25,NOPA,NOAXIS,OFFSET 9.924 arcsec,PANedMedian,PANedMedian,",0.218257916120083,155.0,0.14091914656322269
00h28m50.2s +02d50m19s,PGC 01772,NGC 0125,UGC 00286      P,,RLA.+P*,13.11,1.22,.04,85,.05,.04,002850.2+025019 N,"OFFSET 2.441 arcsec,PANedMedian,",0.8297934537187802,55.0,0.7395541940841036
00h29m08.1s +02d48m39s,PGC 01784,NGC 0126,MCG +00-02-049 P,,.LB.0?.,,.93,.11,110,.28,.05,0029 8.1+024839 N,"NOPA,OFFSET 3.019 arcsec,PANedMedian,PANedMedian,",0.4255690191011883,115.0,0.22334179607548155
00h29m12.4s +02d52m21s,PGC 01787,NGC 0127,MCG +00-02-050 R,IRAS00266+0235,.LA.0*.,,.91,.10,70,.16,.05,002912.4+025221 N,"NOPA,OFFSET 5.083 arcsec,PANedMedian,PANedMedian,",0.40641525808204965,85.0,0.2811706625951746
00h29m15.06s +02d51m50.616s,PGC 01791,NGC 0128,UGC 00292      R,,.L...P/,12.77,1.47,.02,1,.52,.02,002915.0+025150 N,"PANedMedian,",1.4756046133331928,0.0,0.4456254690668727
00h29m18.5s +02d52m13s,PGC 01794,NGC 0130,MCG +00-02-052 R,,.LA.-*.,,.87,.12,40,.31,.05,002918.5+025213 N,"OFFSET 8.671 arcsec,PANedMedian,",0.37065512065045875,50.0,0.18153902738505068
00h29m32.8896s -01d05m44.7s,PGC 01805,,UGC 00295      U,IRAS00269-0122,.SXS3..,,1.02,.06,154,.27,.05,002933.0-010545,"OFFSET 1.187 arcsec,PANedMedian,",0.5235642740254498,136.0,0.28117066259517454
00h30m04.0992s +03d30m47.016s,PGC 01835,,UGC 00300      U,,.I..9*.,,1.06,.07,,.07,.06,003004.2+033047,"NOPA,PANedMedian,NedNoPA,",0.5740768107484414,0.0,0.48861861047790534
00h30m10.7s +02d05m36s,PGC 01844,NGC 0132,UGC 00301      R,IRAS00276+0149,.SXS4..,,1.28,.03,40,.13,.03,003010.7+020536 N,"OFFSET 1.883 arcsec,PANedMedian,",0.9527303589816236,25.0,0.7062687723113773
00h31m12.0912s -00d24m26.46s,PGC 01905,IC 0025,MCG +00-02-064,MK 0952,.L?....,,.86,.07,,.10,.06,003112.1-002426 I,"OFFSET 7.057 arcsec,PANedMedian,",0.362217980037495,36.0,0.28771996866857846
00h31m43.3s +00d54m02s,PGC 01936,,UGC 00317      U,,.S..8*.,,.96,.09,,.05,.06,003143.3+005402,"NOPA,OFFSET 1.948 arcsec,PANedMedian,PANedMedian,",0.4560054196779548,161.0,0.4064152580820496
00h31m49.2408s -02d31m53.796s,PGC 01940,,MCG -01-02-028 E,,.SBR7*.,,1.09,.06,,.12,.05,003149.2-023153,"OFFSET 1.142 arcsec,PANedMedian,",0.6151343854061909,170.0,0.4666271503984956
00h32m30.9s +02d34m27s,PGC 01970,,UGC 00320      U,,.S..6*.,,1.09,.06,172,.77,.05,003230.9+023427,"OFFSET 2.221 arcsec,PANedMedian,",0.6151343854061909,172.0,0.104464806542702
00h32m40.2s +01d28m02s,PGC 01973,,UGC 00322      U,,.S..6*.,,1.06,.06,68,.47,.05,003240.2+012802,"OFFSET 2.026 arcsec,PANedMedian,",0.5740768107484414,69.0,0.1945225724971403
00h33m22.0896s -01d07m16.896s,PGC 02016,,UGC 00328      U,,.SBT8..,,1.09,.05,125,.09,.04,003322.2-010717,"OFFSET 1.365 arcsec,PANedMedian,",0.6151343854061909,23.0,0.5000000000000001
00h33m36.1608s +02d40m51.816s,PGC 02022,,UGC 00329      U,,.SXS6..,,1.29,.04,170,.18,.04,003336.2+024051,"OFFSET 1.797 arcsec,PANedMedian,",0.9749222998790228,167.0,0.644124775846567
00h34m01.2s -03d09m58.5s,PGC 02034,,MCG -01-02-031 E,,.L..0*.,,1.07,.06,,.50,.05,003401.4-031000,"NOPA,OFFSET 8.006 arcsec,PANedMedian,PANedMedian,",0.5874487774697649,150.0,0.1857676145485863
00h34m32.6904s +03d36m07.992s,PGC 02068,,UGC 00342      U,,.SX.5..,,1.02,.06,65,.09,.05,003432.8+033608,"OFFSET 2.198 arcsec,PANedMedian,",0.5235642740254498,42.0,0.4255690191011882
00h35m27.2s +02d56m07s,PGC 02118,,UGC 00348      U,,.S..8*.,,.98,.07,,.00,.05,003527.2+025607,"OFFSET 1.944 arcsec,NedNoPA,",0.47749629301071794,0.0,0.47749629301071794
00h35m24.2688s +03d23m47.004s,PGC 02119,,UGC 00349      U,,.SXS4..,,1.00,.09,136,.28,.06,003524.4+032346,"PANedMedian,",0.5,133.0,0.26240373012488627
00h35m33.9s -02d50m55s,PGC 02131,NGC 0161,MCG -01-02-036 E,,.L..0*.,,1.13,.11,,.22,.07,003533.9-025055 N,"OFFSET 3.090 arcsec,PANedMedian,",0.6744814412958267,35.0,0.40641525808204954
00h36m12.9504s +01d42m44.784s,PGC 02162,,UGC 00358,,.S?....,,1.06,.06,,.00,.05,003613.0+014244,"OFFSET 2.316 arcsec,PANedMedian,",0.5740768107484414,30.0,0.5740768107484414
00h36m45.8s +01d53m11s,PGC 02195,NGC 0170,MCG +00-02-091 E,,.L..-?.,,.64,.11,85,.19,.05,003645.8+015311 N,"NOPA,OFFSET 1.600 arcsec,PANedMedian,PANedMedian,",0.218257916120083,80.0,0.14091914656322269
00h37m12.5s +01d56m32s,PGC 02223,NGC 0173,UGC 00369      U,IRAS00346+0140,.SAT5..,*,1.50,.03,90,.08,.04,003712.5+015632 N,"OFFSET 2.232 arcsec,PANedMedian,",1.5811388300841898,90.0,1.3151339959476909
00h37m35.8056s +00d16m50.484s,PGC 02243,,MCG +00-02-094,MK 0955,.S?....,,.82,.13,,.17,.07,003735.9+001650,"PANedMedian,",0.33034672400379794,109.0,0.22334179607548152
00h38m12.4s +02d43m42s,PGC 02279,NGC 0182,UGC 00382      P,,PSXT1P*,13.27,1.30,.03,75,.08,.04,003812.4+024342 N,"OFFSET 2.651 arcsec,PANedMedian,",0.9976311574844399,75.0,0.8297934537187803
00h38m25.3s +03d09m59s,PGC 02291,NGC 0186,UGC 00390      U,,.LB.+P*,,1.14,.04,23,.22,.04,003825.3+030959 N,"OFFSET 3.423 arcsec,PANedMedian,",0.6901921323014423,24.0,0.41588188555133543
00h39m13.4s +00d51m51s,PGC 02352,NGC 0192,UGC 00401      U,IRAS00366+0035,PSBR1*.,13.42M,1.28,.03,167,.33,.04,003913.4+005151 N,"NOPA,OFFSET 1.330 arcsec,NedNoPA,PANedMedian,",0.9527303589816236,165.0,0.4456254690668728
00h39m17.8392s +00d54m45.936s,PGC 02357,NGC 0196,UGC 00405      U,HICK 007B,.LB..P*,13.80M,1.13,.07,15,.22,.04,003917.8+005445 N,"NOPA,OFFSET 1.552 arcsec,PANedMedian,PANedMedian,",0.6744814412958267,5.0,0.40641525808204954
00h39m18.6s +03d19m52s,PGC 02359,NGC 0193,UGC 00408      P,,.LXS-*.,13.25,1.16,.08,55,.08,.05,003918.6+031952 N,"NOPA,OFFSET 1.049 arcsec,PANedMedian,PANedMedian,",0.7227198853729636,70.0,0.6011322173087063
00h39m18.4s +03d02m14s,PGC 02362,NGC 0194,UGC 00407      P,,.E.....,13.15,1.19,.06,30,.04,.04,003918.4+030214 N,"NOPA,OFFSET 9.217 arcsec,PANedMedian,PANedMedian,",0.7744083094562406,30.0,0.7062687723113771
00h39m18.8s +00d53m31s,PGC 02365,NGC 0197,UGC 00406      E,HICK 007D,.LB.0P.,14.80M,1.07,.06,5,.16,.05,003918.8+005331 N,"PANedMedian,",0.5874487774697649,22.0,0.4064152580820497
00h39m18.6384s +03d57m10.368s,PGC 02366,,UGC 00402      U,MK 0554,.L.....,,1.11,.10,20,.10,.05,003918.8+035709,"OFFSET 4.603 arcsec,PANedMedian,",0.6441247758465671,50.0,0.5116464961403772
00h39m23s +02d47m52s,PGC 02371,NGC 0198,UGC 00414      R,IRAS00367+0231,.SAR5..,,1.09,.04,80,.02,.04,003923.0+024752 N,"NOPA,OFFSET 10.572 arcsec,PANedMedian,PANedMedian,",0.6151343854061909,35.0,0.5874487774697649
00h39m33.2s +03d08m18s,PGC 02382,NGC 0199,UGC 00415      U,,.LA.0P*,,1.09,.06,160,.23,.03,003933.2+030818 N,"NOPA,OFFSET 3.145 arcsec,PANedMedian,PANedMedian,",0.6151343854061909,162.0,0.3622179800374951
00h39m33.0072s +03d56m00.276s,PGC 02384,,UGC 00416      U,,.SX.8*.,,1.06,.08,10,.10,.06,003933.0+035559,"OFFSET 1.882 arcsec,PANedMedian,",0.5740768107484414,10.0,0.4560054196779549
00h39m34.9s +02d53m14s,PGC 02387,NGC 0200,UGC 00420      R,IRAS00370+0236,.SBS4..,13.48,1.27,.03,161,.28,.03,003934.9+025314 N,"OFFSET 1.781 arcsec,PANedMedian,",0.9310435683314338,148.0,0.4886186104779053
00h39m34.8s +00d51m35s,PGC 02388,NGC 0201,UGC 00419      U,IRAS00370+0035,.SXR5..,13.57M,1.26,.03,155,.10,.04,003934.8+005135 N,"PANedMedian,",0.9098504293049917,150.0,0.7227198853729637
00h39m39.5s +03d26m34s,PGC 02393,NGC 0203,MCG +00-02-114 E,,.L..0P*,,.93,.08,85,.49,.05,003939.5+032634 N,"NOPA,PANedMedian,PANedMedian,",0.4255690191011883,80.0,0.13771143516690834
00h39m39.9s +03d32m10s,PGC 02394,NGC 0202,UGC 00421      E,,.LBS+?.,,.95,.06,153,.49,.04,003939.9+033210 N,"NOPA,PANedMedian,PANedMedian,",0.4456254690668727,151.0,0.14420157515633028
00h39m44.3s +03d17m58s,PGC 02397,NGC 0204,UGC 00423      E,,.LAS0P*,13.8,1.08,.06,30,.02,.05,003944.3+031758 N,"PANedMedian,",0.6011322173087066,20.0,0.5740768107484414
00h40m17.58s +02d45m23.4s,PGC 02420,NGC 0208,MCG +00-02-118 E,,.SAR1?.,,.87,.08,,.03,.05,004017.6+024522 N,"PANedMedian,",0.37065512065045875,150.0,0.3459154854594682
00h40m29.1s +03d15m24.696s,PGC 02435,,UGC 00430      U,,.S..6*.,,1.09,.07,44,.59,.03,004029.1+031523,"OFFSET 8.638 arcsec,PANedMedian,",0.6151343854061909,44.0,0.15811388300841903
00h40m37.8528s -00d19m50.412s,PGC 02440,IC 1571,UGC 00432      U,,.S..3..,,1.06,.06,0,.10,.05,004037.9-001950 I,"PANedMedian,",0.5740768107484414,23.0,0.4560054196779549
00h41m21.6s -01d42m58s,PGC 02472,A 0038-01,UGC 00439      U,,PSBR1P*,13.8,1.05,.05,170,.02,.04,004121.6-014258 A,"PANedMedian,",0.5610092271509818,160.0,0.5357596526188032
00h41m17.2008s +03d30m11.016s,PGC 02473,,UGC 00437      U,,.S..9..,,.96,.09,,.00,.06,004117.4+033013,"OFFSET 1.274 arcsec,NedNoPA,HANDADJ PA Major Minor,",1.0,40.0,0.91
00h42m11.3s +00d54m16s,PGC 02522,NGC 0219,MCG +00-02-128 E,,CE...?.,,.73,.14,60,.03,.05,004211.3+005416 N,"OFFSET 1.880 arcsec,PANedMedian,",0.26851589818512633,166.0,0.2505936168136361
00h42m15.9s +00d50m43s,PGC 02527,NGC 0223,UGC 00450      E,,PSBR0*.,,1.10,.05,62,.17,.05,004215.9+005043 N,"PANedMedian,",0.6294627058970838,62.0,0.4255690191011884
00h42m36.8s -01d31m43s,PGC 02547,NGC 0227,UGC 00456      P,,.L..-P*,13.11,1.21,.05,155,.11,.03,004236.8-013143 N,"NOPA,OFFSET 1.379 arcsec,PANedMedian,PANedMedian,",0.8109050486794649,157.0,0.6294627058970835
00h43m30.2448s +00d00m55.98s,PGC 02591,,,,,16.85,,,,,,004324.4+000100,"OFFSET 4.398 arcsec,NedNoPA,HANDADJ Absent Major Minor,",0.01,0.0,0.01
00h43m27.5s +02d57m29s,PGC 02596,NGC 0236,UGC 00462      U,IRAS00409+0241,.SXS5..,,1.06,.04,160,.06,.04,004327.5+025729 N,"OFFSET 3.008 arcsec,PANedMedian,",0.5740768107484414,55.0,0.5
00h43m27.8424s -00d07m29.748s,PGC 02597,NGC 0237,UGC 00461      R,IRAS00408-0023,.SXT6..,13.7,1.20,.02,175,.24,.02,004327.9-000729 N,"NOPA,OFFSET 2.095 arcsec,PANedMedian,PANedMedian,",0.7924465962305567,3.0,0.4560054196779548
00h43m51.8736s +00d48m07.092s,PGC 02615,,UGC 00466      E,,.SBS1P?,,1.13,.04,165,.29,.04,004352.0+004807,"PANedMedian,",0.6744814412958267,163.0,0.3459154854594682
00h43m56.1312s +01d51m01.044s,PGC 02617,IC 0049,UGC 00468      U,,.SXS5..,14.2,1.18,.04,95,.07,.04,004356.2+015101 I,"PANedMedian,",0.756780624218104,130.0,0.6441247758465669
00h44m37.5s -03d45m33s,PGC 02642,NGC 0239,MCG -01-03-007 E,IRAS00420-0401,PS..2..,,1.00,.07,,.33,.05,004437.5-034533 N,"PANedMedian,",0.5,15.0,0.2338675706435991
00h46m05.4s -01d43m24s,PGC 02691,NGC 0245,UGC 00476      R,MK 0555,.SAT3P$,12.59V,1.14,.04,145,.06,.03,0046 5.4-014324 N,"NOPA,OFFSET 1.442 arcsec,PANedMedian,PANedMedian,",0.6901921323014423,145.0,0.6011322173087063
00h48m03.3s -02d46m31s,PGC 02820,NGC 0259,MCG -01-03-015 P,IRAS00455-0302,.S..4*/,,1.45,.03,140,.66,.04,0048 3.3-024631 N,"NOPA,PANedMedian,PANedMedian,",1.4091914656322269,140.0,0.30829750093074104
00h48m05.0904s -01d33m56.988s,PGC 02822,,UGC 00492      U,ARAK 014,.E+..*/,,1.08,.08,128,.24,.04,004805.2-013358,"PANedMedian,",0.6011322173087066,129.0,0.3459154854594683
00h48m53.2296s -02d22m55.092s,PGC 02861,A 0046-02,E,MK 0557,.I..9*.,15.06,.46,.16,,.08,.06,004853.8-022245 A,"DEC_ADJ,LOGD25,NOPA,NOAXIS,OFFSET 2.191 arcsec,PANedMedian,PANedMedian,",0.14420157515633028,90.0,0.11994164595097451
00h49m25.8792s -01d46m17.112s,PGC 02883,,UGC 00505      E,,.SBT4*.,,1.12,.04,135,.15,.04,004926.1-014616,"OFFSET 2.495 arcsec,PANedMedian,",0.6591283692782037,135.0,0.46662715039849567
00h49m35.7s +01d06m55s,PGC 02889,,UGC 00507      U,IRAS00470+0050,.S..6*/,,1.28,.04,128,.90,.04,004935.7+010655,"OFFSET 1.566 arcsec,PANedMedian,",0.9527303589816236,128.0,0.11994164595097451
00h50m03.5s -03d33m31s,PGC 02918,,MCG -01-03-016 E,,.SXT4..,,1.05,.06,,.10,.05,005003.5-033331,"OFFSET 2.104 arcsec,PANedMedian,",0.5610092271509818,55.0,0.4456254690668728
00h50m41.9s -01d54m37s,PGC 02949,NGC 0271,UGC 00519      U,IRAS00481-0210,PSBT2..,,1.33,.03,130,.10,.04,005041.9-015437 N,"NOPA,OFFSET 2.354 arcsec,PANedMedian,PANedMedian,",1.0689810447511163,65.0,0.8491218262308724
00h51m29.7s -03d08m02.004s,PGC 03012,,MCG -01-03-023,,.SB?...,,1.08,.09,,.42,.07,005129.6-030803,"OFFSET 1.181 arcsec,NedNoPA,HANDADJ Major Minor,",1.1,0.0,0.4
00h51m43.6992s +03d10m18.012s,PGC 03024,,UGC 00526      U,,.S..8*.,,.96,.09,94,.39,.06,005143.8+031019,"NOPA,OFFSET 1.441 arcsec,PANedMedian,PANedMedian,",0.4560054196779548,94.0,0.18576761454858623
00h51m49.9008s +03d06m20.988s,PGC 03031,,UGC 00527      U,,.S..9*.,,.97,.09,15,.17,.06,005149.9+030619,"NOPA,OFFSET 12.300 arcsec,NedNoPA,PANedMedian,",0.4666271503984955,15.0,0.3154786722400966
00h51m59.6208s -00d29m12.156s,PGC 03043,,MCG +00-03-018,ARAK 018,,15.25,.64,.17,,.28,.07,005159.8-002912,"OFFSET 1.644 arcsec,PANedMedian,",0.218257916120083,94.0,0.11454338263838865
00h52m09s -02d13m06s,PGC 03055,NGC 0279,UGC 00532      U,MK 0558,PLXR+P*,,1.21,.05,5,.12,.04,0052 9.0-021306 N,"NOPA,PANedMedian,PANedMedian,",0.8109050486794649,155.0,0.6151343854061907
00h52m17.2296s -03d57m59.796s,PGC 03062,,MCG -01-03-027 E,,.S..7?.,,1.17,.05,,.45,.05,005217.3-035804,"OFFSET 29.679 arcsec,NedNoPA,HANDADJ PA,",0.7395541940841036,20.0,0.26240373012488627
00h53m32.6808s +02d55m27.516s,PGC 03147,,UGC 00544      U,IRAS00509+0239,.S..5*/,,1.19,.04,42,.84,.04,005332.7+025526,"OFFSET 2.035 arcsec,PANedMedian,",0.7744083094562406,42.0,0.11193605692841699
00h54m21.396s -02d11m45.096s,PGC 03193,,E,,.S..7P/,,1.12,.08,173,.58,.08,005421.5-021143,"NOPA,OFFSET 2.003 arcsec,PANedMedian,PANedMedian,",0.6591283692782037,173.0,0.17336842522626592
00h55m08.9616s -01d02m47.328s,PGC 03266,,UGC 00568,,.L?....,,1.11,.16,,.15,.08,005509.1-010248,"OFFSET 2.029 arcsec,PANedMedian,",0.6441247758465671,72.0,0.456005419677955
00h55m18.9s -01d16m38s,PGC 03272,,CGCG 384-028,,,,,,,,,005518.9-011638,"NOPA,PANedMedian,PANedMedian,HANDADJ Major Minor,",0.6649999999999999,60.0,0.5433333333333333
00h55m54.4008s -00d55m18.012s,PGC 03312,,UGC 00570      U,,.E...*.,,1.04,.18,10,.18,.08,005554.3-005522,"NOPA,OFFSET 1.450 arcsec,PANedMedian,PANedMedian,",0.5482390980715925,10.0,0.36221798003749506
00h56m10.7s -01d07m01s,PGC 03340,,MCG +00-03-031,,,,,,,,,005610.7-010701,"OFFSET 4.230 arcsec,PANedMedian,",0.6560999495096017,55.0,0.6560999495096017
00h56m16.116s -01d15m19.332s,PGC 03342,,UGC 00579      U,,.E.....,14.39,1.16,.07,40,.08,.04,005616.2-011520,"OFFSET 1.382 arcsec,PANedMedian,",0.7227198853729636,39.0,0.6011322173087063
00h56m25.5936s -01d15m44.856s,PGC 03365,,UGC 00583      U,,.E...*.,,1.04,.18,,.00,.08,005625.7-011546,"PANedMedian,",0.5482390980715925,120.0,0.5482390980715925
00h56m32.6s -01d46m19s,PGC 03367,NGC 0307,UGC 00584      U,,.L..0*.,13.75,1.20,.06,85,.36,.04,005632.6-014619 N,"DEC_ADJ,NOPA,OFFSET 2.305 arcsec,PANedMedian,PANedMedian,",0.7924465962305567,82.0,0.3459154854594682
00h57m02.0496s -00d52m30.684s,PGC 03405,,UGC 00588,ARAK 022,.S?....,,.93,.08,,.02,.05,005702.1-005232,"PANedMedian,",0.4255690191011883,34.0,0.40641525808204965
00h57m34.9152s -01d23m27.924s,PGC 03444,,UGC 00595,,.S?....,,.94,.10,,.04,.06,005735.0-012329,"NOPA,OFFSET 1.374 arcsec,PANedMedian,PANedMedian,",0.43548179497804024,140.0,0.39716411736214063
00h57m45.1992s -00d24m56.016s,PGC 03451,,UGC 00599a     U,,.E...?.,,.66,.24,,.22,.07,005745.1-002510,"NedNoPA,",0.22854409480743754,0.0,0.13771143516690834
00h58m24.6s -01d23m41s,PGC 03492,,,,,14.73,,,,,,005824.6-012341,"OFFSET 5.159 arcsec,PANedMedian,HANDADJ Major Minor,",0.215,145.0,0.16833333333333333
00h58m48.9s +00d35m14s,PGC 03512,IC 1607,UGC 00611,,.S?....,,.95,.07,,.00,.05,005848.9+003514 I,"OFFSET 1.329 arcsec,PANedMedian,",0.4456254690668727,126.0,0.4456254690668727
00h59m04.1s +01d00m05s,PGC 03530,,,,,16.58,,,,,,005904.1+010005,"OFFSET 1.002 arcsec,PANedMedian,HANDADJ PA Major Minor,",0.17483333333333334,83.0,0.10883333333333334
00h59m42.1224s +00d54m59.76s,PGC 03566,,UGC 00618      U,,.S..6*.,,.98,.07,,.00,.05,005942.2+005460,"PANedMedian,",0.47749629301071794,121.0,0.47749629301071794
01h00m37.86s -01d41m54.8s,PGC 03614,,UGC 00626      U,,.SXS5..,,.93,.07,97,.03,.05,010038.0-014155,"NOPA,OFFSET 1.334 arcsec,PANedMedian,PANedMedian,HANDADJ Coords ,",0.4255690191011883,97.0,0.3971641173621408
01h01m46.08s +03d04m55.308s,PGC 03688,,UGC 00637      U,,.SB.6*.,,1.04,.06,157,.37,.05,010146.2+030454,"PANedMedian,",0.5482390980715925,81.0,0.23386757064359912
01h01m57.8s -01d56m12s,PGC 03693,NGC 0351,UGC 00639      U,,PSBR0*.,,1.16,.04,142,.27,.04,010157.8-015612 N,"OFFSET 10.758 arcsec,PANedMedian,",0.7227198853729636,133.0,0.38812355831434575
01h02m24.5304s -01d57m31.896s,PGC 03714,NGC 0353,UGC 00641      U,IRAS00598-0213,.SB.1P*,,1.11,.05,26,.48,.04,010224.6-015727 N,"OFFSET 2.317 arcsec,PANedMedian,",0.6441247758465671,20.0,0.2132897594007964
01h03m10.4304s -03d36m36.612s,PGC 03757,,MCG -01-03-079,MK 0970,.L?....,,1.12,.12,,.05,.07,010310.7-033633,"PANedMedian,",0.6591283692782037,105.0,0.587448777469765
01h03m38.82s -00d29m27.888s,PGC 03781,,UGC 00651      U,,.S..6*.,,1.02,.06,165,.56,.05,010338.9-002928,"NOPA,PANedMedian,PANedMedian,",0.5235642740254498,165.0,0.1442015751563303
01h03m44.5392s +02d16m59.016s,PGC 03789,,UGC 00656,,.SB?...,,.93,.09,115,.24,.06,010344.7+021658,"PANedMedian,",0.4255690191011883,120.0,0.24488940968422312
01h04m16.9656s -00d45m53.64s,PGC 03817,NGC 0359,UGC 00662      U,,.L..-*.,,1.18,.08,135,.15,.05,010417.0-004553 N,"PANedMedian,",0.756780624218104,137.0,0.5357596526188031
01h04m25.2768s -00d11m14.712s,PGC 03830,,UGC 00663      U,,.E.....,,1.04,.13,7,.32,.06,010425.4-001115,"PANedMedian,",0.5482390980715925,10.0,0.2624037301248863
01h04m40.8312s -00d48m09.864s,PGC 03833,NGC 0364,UGC 00666      U,,RLBS0*.,,1.15,.07,30,.05,.04,010440.8-004809 N,"OFFSET 2.694 arcsec,PANedMedian,",0.706268772311377,45.0,0.6294627058970834
01h04m51.372s +02d07m45.048s,PGC 03844,IC 1613,UGC 00668      P,DDO 008,.IBS9..,9.88M,2.21,.01,50,.05,.03,010447.8+020704 I,"PANedMedian,HANDADJ Coords Major Minor,",12.0,10.0,12.0
01h06m07.1736s +00d46m33.636s,PGC 03904,,UGC 00675      U,,.I..9*.,,1.03,.08,,.00,.06,010607.3+004634,"NOPA,PANedMedian,PANedMedian,",0.5357596526188032,127.0,0.5357596526188032
01h06m14.0304s +03d34m27.912s,PGC 03910,,UGC 00678      U,,.SAT7*.,,1.20,.05,65,.08,.04,010614.0+033427,"LOGD25,NOPA,NOAXIS,PANedMedian,PANedMedian,",0.7924465962305567,75.0,0.6591283692782035
01h06m33.5016s -00d08m01.86s,PGC 03922,,CGCG 384-073,MK 0560,,,,,,,,010624.1-000839,"NOPA,OFFSET 189.804 arcsec,PANedMedian,PANedMedian,HANDADJ Coords PA Major Minor",0.40299999999999997,15.0,0.12433333333333334
01h06m30.9792s -02d11m48.012s,PGC 03928,,MCG +00-03-073 E,,.SBT6..,,1.12,.04,140,.09,.04,010630.8-021149,"PANedMedian,",0.6591283692782037,70.0,0.5357596526188033
01h07m22.6s +00d55m33s,PGC 03976,NGC 0391,UGC 00693      U,,PLA.-*.,,.95,.08,45,.09,.04,010722.6+005533 N,"OFFSET 2.285 arcsec,PANedMedian,",0.4456254690668727,44.0,0.36221798003749495
01h07m46.44s +01d03m49.212s,PGC 04013,,UGC 00695,,.S?....,,1.04,.06,,.07,.05,010746.6+010349,"OFFSET 1.454 arcsec,NedNoPA,",0.5482390980715925,0.0,0.46662715039849556
01h07m56.1s +02d32m45s,PGC 04017,,UGC 00698      U,,.S..2..,,1.09,.06,86,.53,.05,010756.1+023245,"OFFSET 1.184 arcsec,PANedMedian,",0.6151343854061909,88.0,0.18153902738505073
01h08m40.0728s +01d21m24.84s,PGC 04059,,UGC 00709      U,,.S..8..,,1.04,.06,142,.36,.05,010840.2+012124,"OFFSET 1.489 arcsec,PANedMedian,",0.5482390980715925,142.0,0.23931504616131918
01h08m36.9s +01d38m30.012s,PGC 04063,A 0106+01,UGC 00711      U,,.SBS7?/,,1.56,.03,118,.98,.04,010837.3+013826 A,"PANedMedian,",1.815390273850507,118.0,0.19009469816028063
01h09m41.5s -02d16m00s,PGC 04143,,MCG -01-04-005 E,,.IBS9*.,,1.14,.05,10,.27,.04,010941.5-021600,"NOPA,PANedMedian,PANedMedian,",0.6901921323014423,10.0,0.37065512065045864
01h09m57.5592s -01d44m58.884s,PGC 04151,,UGC 00726      U,,.SBS7?.,,1.20,.04,144,.24,.04,010957.6-014457,"OFFSET 1.517 arcsec,PANedMedian,",0.7924465962305567,144.0,0.4560054196779548
01h10m22.32s +03d31m10.308s,PGC 04178,,UGC 00729      E,,.L.....,,.83,.08,140,.23,.05,011022.4+033109,"OFFSET 2.002 arcsec,PANedMedian,",0.33804148769599085,140.0,0.19905358527674857
01h10m38.2536s -00d16m41.052s,PGC 04195,,UGC 00734,,.S?....,,1.02,.06,175,.60,.05,011038.4-001642,"NOPA,OFFSET 2.260 arcsec,PANedMedian,PANedMedian,",0.5235642740254498,177.0,0.1315133995947691
01h10m49.0392s -01d45m24.084s,PGC 04214,,UGC 00736      U,,.S..6*.,*,1.10,.05,125,.14,.05,011049.2-014525,"PANedMedian,",0.6294627058970838,150.0,0.456005419677955
01h11m30.7656s +01d19m16.068s,PGC 04275,,UGC 00749      U,ARAK 033,.S..8*.,,1.00,.07,136,.47,.05,011131.0+011916,"OFFSET 1.109 arcsec,PANedMedian,HANDADJ PA Major Minor,",0.7,141.0,0.2366
01h11m46.5528s -00d39m51.696s,PGC 04292,IC 1639,UGC 00750      E,MK 0562,.P...?.,,.75,.09,100,.03,.05,011146.6-003951 I,"LOGD25,NOPA,NOAXIS,OFFSET 11.876 arcsec,PANedMedian,PANedMedian,",0.28117066259517454,155.0,0.26240373012488627
01h11m49.9344s -01d39m18.252s,PGC 04295,A 0109-01,E,MK 0563,.L...*/,,.79,.13,15,.66,.08,011150.1-013920 A,"OFFSET 1.228 arcsec,PANedMedian,",0.3082975009307411,10.0,0.06744814412958268
01h12m31.4s -02d47m36s,PGC 04347,NGC 0413,MCG -01-04-013 E,,.SBR5*.,,1.05,.06,,.19,.05,011231.4-024736 N,"NOPA,OFFSET 1.693 arcsec,PANedMedian,PANedMedian,",0.5610092271509818,40.0,0.362217980037495
01h12m48.6072s -00d17m24.684s,PGC 04363,NGC 0426,UGC 00760      U,,.E+....,13.8,1.14,.07,140,.14,.04,011248.6-001724 N,"LOGD25,NOPA,NOAXIS,PANedMedian,PANedMedian,",0.6901921323014423,145.0,0.49999999999999994
01h12m55.7088s +00d58m53.616s,PGC 04367,NGC 0428,UGC 00763      R,IRAS01103+0043,.SXS9..,11.91M,1.61,.02,120,.12,.03,011255.8+005853 N,"LOGD25,NOPA,NOAXIS,PANedMedian,PANedMedian,",2.036901389020564,107.0,1.5451477162567955
01h12m57.4248s -00d20m41.964s,PGC 04368,NGC 0429,UGC 00762      U,,.L..0*/,,1.14,.06,19,.67,.03,011257.4-002042 N,"PANedMedian,",0.6901921323014423,19.0,0.14756046133331924
01h12m59.928s -00d15m09s,PGC 04376,NGC 0430,UGC 00765      U,,.E...*.,13.5,1.12,.07,155,.08,.04,011259.9-001509 N,"LOGD25,NOPA,NOAXIS,PANedMedian,PANedMedian,",0.6591283692782037,155.0,0.5482390980715927
01h13m09.5928s +02d17m15.972s,PGC 04386,,UGC 00768,IRAS01105+0201,.L?....,,.96,.13,,.13,.05,011309.7+021715,"NOPA,OFFSET 26.245 arcsec,NedNoPA,PANedMedian,",0.4560054196779548,60.0,0.3380414876959909
01h13m41.8272s -00d06m09.828s,PGC 04415,,UGC 00771      U,,.S..2..,,1.03,.06,105,.27,.05,011341.9-000611,"NOPA,PANedMedian,PANedMedian,",0.5357596526188032,103.0,0.2877199686685784
01h13m39.396s +00d52m27.876s,PGC 04416,,UGC 00772      U,,.I..9*.,,1.08,.07,,.12,.06,011339.6+005231,"OFFSET 2.402 arcsec,NedNoPA,",0.6011322173087066,0.0,0.456005419677955
01h13m43.1448s +02d22m17.328s,PGC 04422,,UGC 00773,,.S?....,,1.11,.14,,.15,.12,011343.3+022216,"PANedMedian,",0.6441247758465671,115.0,0.456005419677955
01h13m59.9s +02d04m17s,PGC 04434,NGC 0435,UGC 00779      U,,.SXS7*.,*,1.05,.05,20,.40,.04,011359.9+020417 N,"NOPA,OFFSET 4.934 arcsec,PANedMedian,PANedMedian,",0.5610092271509818,20.0,0.2233417960754816
01h14m10.2312s -01d51m14.004s,PGC 04442,,CGCG 385-036   H,,.SBT3*.,,.86,.10,,.06,.06,011410.3-015114,"OFFSET 1.008 arcsec,PANedMedian,",0.362217980037495,35.0,0.31547867224009657
01h14m04.0992s -01d44m32.208s,PGC 04443,,UGC 00784      U,,.S..3..,,1.09,.06,50,.20,.05,011404.3-014433,"OFFSET 1.005 arcsec,PANedMedian,",0.6151343854061909,47.0,0.388123558314346
01h14m15.8s +00d45m55s,PGC 04454,IC 0087,MCG +00-04-048,,.SB?...,,.74,.14,,.09,.07,011415.8+004555 I,"PANedMedian,",0.27477043692881226,98.0,0.22334179607548152
01h14m38.7s -01d01m14s,PGC 04484,NGC 0442,UGC 00789      R,IRAS01121-0116,.S..0*/,,.99,.06,157,.30,.05,011438.7-010114 N,"LOGD25,NOPA,NOAXIS,PANedMedian,PANedMedian,",0.48861861047790534,157.0,0.24488940968422312
01h14m37.250s +01d10m52.6s,PGC 04485,,UGC 00790      U,,.S..6*.,,.95,.07,,.05,.05,011437.4+011051,"LOGD25,NOPA,NOAXIS,OFFSET 1.071 arcsec,PANedMedian,PANedMedian,HANDADJ Coords PA",0.8916666666666667,120.0,0.7945
01h14m38.5416s +01d49m46.2s,PGC 04486,,UGC 00791      U,,.SB.2..,,1.02,.06,130,.12,.05,011438.6+014945,"NOPA,PANedMedian,PANedMedian,",0.5235642740254498,135.0,0.3971641173621408
01h14m49.3992s -00d29m44.988s,PGC 04490,,UGC 00793a,IRAS01122-0045,,,.64,.17,87,.06,.07,011448.8-002946,"OFFSET 1.939 arcsec,PANedMedian,HANDADJ Major Minor,",0.436,87.0,0.38
01h14m52.5s +01d55m02s,PGC 04493,NGC 0445,CGCG 385-047   E,,.L...P*,,.88,.08,75,.07,.05,011452.5+015502 N,"PANedMedian,",0.3792887875145919,130.0,0.32282711451732776
01h14m57.5904s +00d25m50.916s,PGC 04500,,UGC 00797      U,,.E...*.,,.95,.13,,.02,.05,011457.7+002550,"NOPA,PANedMedian,PANedMedian,",0.4456254690668727,154.0,0.42556901910118816
01h15m16.5s -01d37m34s,PGC 04524,NGC 0448,UGC 00801      U,,.L..-./,,1.21,.08,116,.33,.05,011516.5-013734 N,"OFFSET 2.711 arcsec,PANedMedian,",0.8109050486794649,115.0,0.37928878751459183
01h15m30.4416s -00d51m39.492s,PGC 04540,NGC 0450,UGC 00806      R,IRAS01129-0107,.SXS6*.,*,1.49,.02,72,.12,.03,011530.4-005139 N,"OFFSET 4.367 arcsec,PANedMedian,",1.5451477162567953,45.0,1.172114407659961
01h16m06.4104s +01d34m04.296s,PGC 04586,,UGC 00817      U,IRAS01135+0118,.SX.3*.,,.99,.06,,.22,.05,011606.6+013402,"NOPA,OFFSET 1.483 arcsec,PANedMedian,PANedMedian,",0.48861861047790534,75.0,0.2944218276777945
01h16m35.88s +01d12m08.1s,PGC 04608,,UGC 00823      U,,.S..9*.,,.96,.17,,.05,.12,011636.0+011207,"NOPA,OFFSET 1.803 arcsec,PANedMedian,NedNoPA,",0.4560054196779548,0.0,0.4064152580820496
01h17m51.5688s -01d57m21.096s,PGC 04659,,UGC 00830      U,,.SXR5?.,,1.35,.03,120,.17,.04,011751.7-015723,"NOPA,OFFSET 1.140 arcsec,PANedMedian,PANedMedian,",1.11936056928417,62.0,0.7567806242181042
01h18m53.6112s -01d00m07.164s,PGC 04717,,UGC 00842,,.L?....,,1.12,.10,85,.09,.05,011853.7-010008,"NOPA,PANedMedian,PANedMedian,",0.6591283692782037,72.0,0.5357596526188033
01h19m04.3968s -00d08m18.852s,PGC 04734,,UGC 00847      U,,.S..8*.,,1.14,.05,67,1.07,.05,011904.5-000820,"PANedMedian,",0.6901921323014423,66.0,0.058744877746976454
01h19m10.1304s +03d18m02.988s,PGC 04736,NGC 0467,UGC 00848      R,,.LAS0P$,12.9,1.23,.04,,.00,.04,011910.2+031802 N,"NOPA,PANedMedian,PANedMedian,",0.8491218262308722,140.0,0.8491218262308722
01h19m29s -01d42m06s,PGC 04771,,UGC 00856      U,,.SBS9..,,1.07,.14,25,.11,.12,011929.0-014206,"NOPA,PANedMedian,PANedMedian,",0.5874487774697649,25.0,0.45600541967795494
01h19m44.8512s +03d24m35.784s,PGC 04777,NGC 0470,UGC 00858      R,IRAS01171+0308,.SAT3..,12.53,1.45,.02,155,.21,.03,011944.8+032435 N,"PANedMedian,",1.4091914656322269,77.0,0.8689004143746878
01h20m06.7s +03d24m56s,PGC 04801,NGC 0474,UGC 00864      R,ARP 227,.LAS0..,12.37,1.85,.02,75,.05,.03,0120 6.7+032456 N,"OFFSET 7.386 arcsec,PANedMedian,",3.53972892192069,45.0,3.154786722400967
01h20m06.8304s -00d12m19.296s,PGC 04805,,UGC 00866      U,,.S..8*.,,1.10,.07,57,.43,.06,012006.9-001221,"OFFSET 11.732 arcsec,PANedMedian,",0.6294627058970838,57.0,0.23386757064359917
01h20m15.348s -00d20m09.024s,PGC 04812,,UGC 00867      U,,.S..4..,,.89,.08,,.02,.05,012015.4-002010,"OFFSET 1.002 arcsec,PANedMedian,",0.38812355831434586,34.0,0.37065512065045875
01h20m46.1496s +01d18m15.192s,PGC 04853,,UGC 00874      U,,.L...?.,,1.03,.11,34,.63,.05,012046.2+011814,"PANedMedian,",0.5357596526188032,34.0,0.12559432157547898
01h20m45.9s +01d26m42s,PGC 04854,,UGC 00875      U,,.SXS5..,,.93,.07,,.03,.05,012045.9+012642,"NOPA,PANedMedian,PANedMedian,",0.4255690191011883,65.0,0.3971641173621408
01h20m47.9s -03d39m12s,PGC 04858,,E,,.LA.0P*,,1.12,.08,,.15,.08,012047.9-033912,"OFFSET 6.522 arcsec,PANedMedian,",0.6591283692782037,120.0,0.46662715039849567
01h21m02.4s +02d57m36s,PGC 04873,,UGC 00885      U,,.S..6*.,,1.00,.08,138,.43,.06,012102.5+025736,"PANedMedian,",0.5,138.0,0.18576761454858629
01h21m08s +01d22m23s,PGC 04896,,UGC 00890      U,IRAS01185+0106,.SBS4*.,,1.29,.04,177,.56,.04,012108.0+012223,"OFFSET 8.715 arcsec,PANedMedian,",0.9749222998790228,88.0,0.2685158981851264
01h21m15.7s +03d51m44s,PGC 04905,NGC 0479,UGC 00893      U,,.SBT4*.,,1.03,.05,,.08,.04,012115.7+035144 N,"PANedMedian,",0.5357596526188032,110.0,0.4456254690668727
01h21m16.6008s -00d32m40.164s,PGC 04906,,UGC 00892      U,ARP 067,.SBR2..,,1.21,.04,125,.05,.04,012116.7-003240,"OFFSET 1.734 arcsec,PANedMedian,",0.8109050486794649,45.0,0.7227198853729637
01h21m21.3s +00d05m25s,PGC 04916,IC 1681,UGC 00894,,.S?....,,.99,.06,99,.33,.05,012121.3+000525 I,"PANedMedian,",0.48861861047790534,100.0,0.2285440948074375
01h22m09s +00d56m43s,PGC 04979,NGC 0493,UGC 00914      P,IRAS01195+0041,.SXS6*/,12.93,1.53,.03,58,.51,.04,0122 9.0+005643 N,"NOPA,PANedMedian,PANedMedian,",1.6942207806960128,56.0,0.5235642740254498
01h22m23.7744s -00d52m30.756s,PGC 04992,NGC 0497,UGC 00915      R,ARP 008,.SBT4*.,13.84,1.32,.03,132,.38,.04,012223.8-005230 N,"PANedMedian,",1.0446480654270198,132.0,0.43548179497804035
01h22m35.4024s -00d34m12.36s,PGC 05001,,MCG +00-04-101,,.L?....,,.82,.19,,.00,.07,012235.5-003413,"NOPA,NedNoPA,PANedMedian,",0.33034672400379794,137.0,0.33034672400379794
01h22m35.8056s +01d53m27.24s,PGC 05006,A 0120+01,CGCG 385-087   E,MK 0569,.P...?.,,.84,.12,120,.29,.08,012236.2+015325 A,"PANedMedian,",0.3459154854594682,155.0,0.17740669461678774
01h22m46.92s -01d23m31.2s,PGC 05019,,UGC 00921      E,,.L...P/,,1.26,.04,108,.51,.04,012247.1-012332,"PANedMedian,",0.9098504293049917,109.0,0.28117066259517454
01h23m12.3696s -00d38m28.284s,PGC 05055,,UGC 00928      U,,.L.....,,1.06,.07,45,.28,.03,012312.5-003829,"OFFSET 1.420 arcsec,PANedMedian,",0.5740768107484414,50.0,0.30127979303717883
01h23m13.7064s -00d23m06.972s,PGC 05056,,UGC 00929      U,,.S..6*.,,1.09,.06,,.02,.05,012313.8-002308,"PANedMedian,",0.6151343854061909,83.0,0.5874487774697649
01h23m14.5056s -00d42m04.824s,PGC 05067,,UGC 00931,MK 1153,.S?....,,1.07,.06,6,.70,.05,012314.6-004204,"OFFSET 1.685 arcsec,PANedMedian,",0.5874487774697649,142.0,0.11721144076599616
01h23m17.0016s -00d54m21.708s,PGC 05070,,CGCG 385-093,,,,,,,,,012317.0-005422,"LOGD25,NOPA,NOAXIS,PANedMedian,PANedMedian,",0.6560999495096017,94.0,0.6560999495096017
01h23m21.18s -01d58m35.904s,PGC 05076,,MCG +00-04-112,,.SB?...,,.89,.11,,.43,.07,012320.9-015836,"PANedMedian,HANDADJ PA,",0.38812355831434586,160.0,0.1442015751563303
01h23m40.7184s -01d49m48.144s,PGC 05097,,CGCG 385-098,,,,,,,,,012340.8-014940,"OFFSET 1.908 arcsec,PANedMedian,HANDADJ Major Minor,",0.36833333333333335,130.0,0.19166666666666668
01h24m19.5s -01d44m46s,PGC 05164,,CGCG 385-102,,.S?....,,.82,.13,,.36,.07,012419.5-014446,"NOPA,OFFSET 4.931 arcsec,PANedMedian,PANedMedian,HANDADJ PA Major Minor,",0.42,155.0,0.235
01h24m28.6s -01d38m28s,PGC 05182,NGC 0519,CGCG 385-103   P,,.E+..?.,,.70,.15,140,.25,.08,012428.6-013828 N,"OFFSET 1.177 arcsec,PANedMedian,",0.2505936168136361,125.0,0.14091914656322269
01h24m33.78s +01d43m53.004s,PGC 05190,NGC 0521,UGC 00962      R,IRAS01219+0128,.SBR4..,12.55,1.50,.02,20,.04,.03,012433.8+014352 N,"OFFSET 2.108 arcsec,PANedMedian,",1.5811388300841898,158.0,1.442015751563303
01h24m36.4s +02d02m39s,PGC 05192,IC 0103,UGC 00963      U,,.L..-*.,,.93,.13,130,.23,.05,012436.4+020239 I,"PANedMedian,",0.4255690191011883,127.0,0.2505936168136361
01h24m35.0712s +03d47m32.712s,PGC 05193,NGC 0520,UGC 00966      R,P   157,.P.....,12.24,1.65,.02,130,.39,.04,012434.9+034729 N,"PANedMedian,",2.233417960754815,130.0,0.9098504293049914
01h24m24.4008s +03d52m55.992s,PGC 05208,,UGC 00957      U,,.I..9*.,,1.07,.14,,.11,.12,012424.5+035255,"OFFSET 1.452 arcsec,NedNoPA,",0.5874487774697649,0.0,0.45600541967795494
01h24m41.7s -01d35m13s,PGC 05210,NGC 0530,UGC 00965      P,MK 1154,.LB.+./,,1.17,.04,134,.54,.04,012441.7-013513 N,"NOPA,PANedMedian,PANedMedian,",0.7395541940841036,132.0,0.21328975940079628
01h24m48.588s +01d02m12.624s,PGC 05220,,UGC 00971      U,,.I..9?.,,1.07,.07,148,.79,.06,012448.7+010211,"OFFSET 2.236 arcsec,PANedMedian,",0.5874487774697649,149.0,0.09527303589816236
01h24m53.8s -01d30m03s,PGC 05228,,UGC 00974      U,,.S..0..,,.95,.07,160,.55,.05,012453.8-013003,"OFFSET 1.331 arcsec,PANedMedian,",0.4456254690668727,160.0,0.12559432157547898
01h24m52.3608s -01d37m01.416s,PGC 05231,IC 1696,UGC 00973      P,,.E+....,14.63,.94,.10,10,.04,.04,012452.3-013701 I,"PANedMedian,",0.43548179497804024,10.0,0.39716411736214063
01h25m02.9s +00d26m39s,PGC 05238,IC 1697,UGC 00976,IRAS01224+0011,.S?....,,.97,.07,110,.22,.05,0125 2.9+002639 I,"NOPA,PANedMedian,PANedMedian,",0.4666271503984955,101.0,0.28117066259517454
01h25m13.0896s +02d03m58.392s,PGC 05251,IC 0109,UGC 00980      U,,.LB....,,1.03,.08,,.07,.03,012513.0+020400 I,"PANedMedian,",0.5357596526188032,65.0,0.4560054196779548
01h25m09.1s +02d18m11s,PGC 05252,,UGC 00981,,.S?....,,.85,.11,25,.25,.06,012509.1+021811,"NOPA,OFFSET 1.987 arcsec,NedNoPA,PANedMedian,",0.35397289219206896,22.0,0.19905358527674863
01h25m17.8536s -01d31m02.856s,PGC 05258,,UGC 00984      U,,.L.....,,1.08,.07,130,.47,.03,012518.0-013104,"OFFSET 1.560 arcsec,PANedMedian,",0.6011322173087066,135.0,0.20369013890205642
01h25m26.1s -01d33m02s,PGC 05275,NGC 0538,UGC 00991      P,,.SBS2*.,,1.00,.06,40,.30,.05,012526.1-013302 N,"PANedMedian,",0.5,32.0,0.2505936168136362
01h25m31.2s -01d24m29s,PGC 05282,NGC 0535,UGC 00997      P,,.L..+./,,1.01,.07,58,.51,.03,012531.2-012429 N,"PANedMedian,",0.511646496140377,56.0,0.15811388300841897
01h25m31.4s +01d45m33s,PGC 05283,NGC 0533,UGC 00992      R,,.E.3.*.,12.41,1.58,.04,50,.21,.04,012531.4+014533 N,"PANedMedian,",1.9009469816028064,49.0,1.1721144076599614
01h25m32.0304s -01d30m09.396s,PGC 05289,,UGC 00996      U,,.S..0..,,.96,.09,,.65,.06,012532.1-013011,"PANedMedian,",0.4560054196779548,90.0,0.10208689723347644
01h25m39.36s +00d07m49.512s,PGC 05291,,UGC 00998      U,,.I..9..,,1.04,.06,136,.64,.05,012539.5+000747,"NOPA,OFFSET 1.394 arcsec,PANedMedian,PANedMedian,",0.5482390980715925,130.0,0.125594321575479
01h25m44.3s -01d22m46s,PGC 05305,NGC 0541,UGC 01004      R,P   133,.L..-*.,13.03,1.25,.08,,.01,.05,012544.3-012246 N,"NOPA,PANedMedian,PANedMedian,",0.8891397050194614,60.0,0.8689004143746877
01h25m44.2608s -01d27m24.084s,PGC 05307,,UGC 01003      U,,.L.....,,1.00,.10,,.49,.04,012544.4-012725,"LOGD25,NOPA,NOAXIS,PANedMedian,PANedMedian,",0.5,120.0,0.16179682846481414
01h25m50s -01d17m34s,PGC 05311,NGC 0543,MCG +00-04-138 P,,.L..-*/,14.1,.77,.13,90,.35,.05,012550.0-011734 N,"NOPA,OFFSET 3.257 arcsec,NedNoPA,PANedMedian,",0.2944218276777945,90.0,0.13151339959476913
01h25m51.5s -01d19m05s,PGC 05314,,MCG +00-04-140,,.S?....,,.64,.17,,.00,.07,012551.5-011905,"NOPA,PANedMedian,PANedMedian,",0.218257916120083,115.0,0.218257916120083
01h25m52.9104s +01d30m30.204s,PGC 05316,,UGC 01006      U,,.S..0..,,1.04,.08,,.04,.06,012553.0+013029,"PANedMedian,",0.5482390980715925,105.0,0.5
01h25m59.1s -01d20m24s,PGC 05323,NGC 0545,UGC 01007      R,ARAK 045,.LA.-..,,1.38,.04,55,.18,.04,012559.1-012024 N,"NOPA,OFFSET 5.446 arcsec,PANedMedian,PANedMedian,",1.199416459509745,55.0,0.7924465962305566
01h26m00.6s -01d20m42s,PGC 05324,NGC 0547,UGC 01009      R,,.E.1...,,1.13,.05,85,.03,.04,0126 0.6-012042 N,"PANedMedian,",0.6744814412958267,130.0,0.6294627058970834
01h26m02.5s -01d13m32s,PGC 05326,NGC 0548,UGC 01010      P,,.E+..*.,14.65,.95,.09,135,.05,.04,0126 2.5-011332 N,"PANedMedian,",0.4456254690668727,150.0,0.39716411736214075
01h25m57.8736s -03d58m54.984s,PGC 05329,,MCG -01-04-042 E,,.SBT8..,,1.28,.05,,.27,.05,012557.8-035856,"LOGD25,NOPA,NOAXIS,OFFSET 6.071 arcsec,PANedMedian,NedNoPA,HANDADJ PA,",0.9527303589816236,80.0,0.511646496140377
01h26m04.92s +00d18m56.592s,PGC 05330,,UGC 01011      U,,.S..8*.,,1.00,.08,175,.55,.06,012605.0+001857,"OFFSET 1.619 arcsec,PANedMedian,",0.5,62.0,0.14091914656322269
01h26m25.1s -01d38m19s,PGC 05351,NGC 0557,UGC 01016      P,,.LBT+P*,,1.15,.07,45,.24,.04,012625.1-013819 N,"NOPA,OFFSET 1.051 arcsec,PANedMedian,PANedMedian,HANDADJ PA,",0.706268772311377,155.0,0.40641525808204954
01h26m29.2776s +00d32m55.464s,PGC 05366,,UGC 01018      U,,.I..9*.,,1.00,.08,,.04,.06,012629.4+003256,"NOPA,OFFSET 59.898 arcsec,PANedMedian,PANedMedian,",0.5,37.0,0.4560054196779548
01h26m42.5s +02d01m20s,PGC 05374,NGC 0550,UGC 01021      P,,.SBS1?.,,1.17,.05,120,.37,.04,012642.5+020120 N,"PANedMedian,",0.7395541940841036,120.0,0.31547867224009657
01h26m43.5s -01d18m22.392s,PGC 05379,,CGCG 385-138,,,,.74,.14,,.38,.07,012643.4-011822,"NOPA,PANedMedian,PANedMedian,",0.27477043692881226,140.0,0.11454338263838865
01h26m49.75s -00d58m27.10s,PGC 05380,,CGCG 385-140,MK 0570,,,.52,.20,,.00,.07,012649.7-005829,"PANedMedian,HANDADJ Coords PA Major Minor,",0.3333333333333333,90.0,0.16666666666666666
01h27m16.1496s -01d16m19.056s,PGC 05424,,UGC 01030      U,,.E.....,,1.00,.12,177,.21,.05,012716.2-011621,"OFFSET 21.834 arcsec,PANedMedian,",0.5,91.0,0.3082975009307411
01h27m16.2s -01d58m15s,PGC 05425,NGC 0558,CGCG 385-143   P,,.E+..?/,,.57,.18,110,.38,.08,012716.2-015815 N,"OFFSET 3.495 arcsec,PANedMedian,HANDADJ Major Minor,",0.8533333333333334,115.0,0.495
01h27m25.4s -01d54m46s,PGC 05430,NGC 0560,UGC 01036      P,,.L..0./,13.95,1.28,.04,178,.52,.03,012725.4-015446 N,"PANedMedian,",0.9527303589816236,89.0,0.28771996866857846
01h27m35.9016s -01d06m18.432s,PGC 05436,,UGC 01040      U,,.S..0..,,1.06,.06,34,.72,.05,012736.0-010619,"NOPA,OFFSET 1.439 arcsec,PANedMedian,PANedMedian,",0.5740768107484414,34.0,0.10938808119747764
01h27m43s -01d08m23s,PGC 05449,,UGC 01043      U,,.E...*.,,.94,.13,,.06,.05,012743.0-010823,"OFFSET 3.568 arcsec,PANedMedian,",0.43548179497804024,17.0,0.3792887875145918
01h27m48.2088s -01d52m46.308s,PGC 05455,NGC 0564,UGC 01044      P,,.E.....,13.52,1.14,.06,145,.05,.04,012748.2-015245 N,"NOPA,OFFSET 1.195 arcsec,PANedMedian,PANedMedian,",0.6901921323014423,140.0,0.6151343854061907
01h27m55s -02d02m25s,PGC 05465,IC 0119,UGC 01047      P,,PSBR0*.,,1.10,.05,77,.32,.04,012755.0-020225 I,"PANedMedian,",0.6294627058970838,78.0,0.30127979303717894
01h28m10.2s -01d18m21s,PGC 05481,NGC 0565,UGC 01052      P,,.S..1*.,,1.10,.05,36,.49,.04,012810.2-011821 N,"PANedMedian,",0.6294627058970838,35.0,0.20369013890205642
01h28m12.96s -01d54m55.908s,PGC 05484,IC 0120,CGCG 385-152   P,,.L..0*.,,.91,.11,135,.64,.08,012813.0-015455 I,"OFFSET 2.237 arcsec,PANedMedian,",0.40641525808204965,140.0,0.09310435683314337
01h28m21.8s +02d30m46s,PGC 05492,IC 0121,UGC 01053      U,IRAS01257+0215,.S..4..,,.96,.07,108,.23,.05,012821.8+023046 I,"PANedMedian,",0.4560054196779548,109.0,0.26851589818512633
01h28m25.7208s -02d35m16.008s,PGC 05498,,MCG -01-04-054 E,,.S..6?/,,1.15,.06,,.83,.05,012825.8-023524,"NOPA,OFFSET 4.218 arcsec,PANedMedian,PANedMedian,",0.706268772311377,60.0,0.10446480654270195
01h28m36.7992s -01d43m54.012s,PGC 05506,,UGC 01055      U,,.SB.1..,,1.10,.06,157,.44,.05,012836.9-014356,"OFFSET 3.423 arcsec,PANedMedian,",0.6294627058970838,161.0,0.22854409480743756
01h28m51.5s +02d26m47s,PGC 05524,IC 0123,MCG +00-04-161,ARAK 049,,,.64,.17,,.19,.07,012851.5+022647 I,"OFFSET 5.218 arcsec,PANedMedian,",0.218257916120083,40.0,0.14091914656322269
01h28m58.6392s -00d56m56.4s,PGC 05539,NGC 0570,UGC 01061      P,,PSBT1*.,13.70,1.19,.05,175,.09,.05,012858.6-005656 N,"OFFSET 1.144 arcsec,PANedMedian,",0.7744083094562406,111.0,0.6294627058970835
01h28m59.5608s -00d33m42.948s,PGC 05540,,UGC 01062      E,,PLBS0*.,,1.13,.05,60,.30,.05,012859.6-003344,"NOPA,OFFSET 12.578 arcsec,NedNoPA,PANedMedian,",0.6744814412958267,60.0,0.33804148769599085
01h28m58.9992s -02d25m42.996s,PGC 05543,,MCG -01-04-055,,.S?....,,1.08,.09,,.61,.07,012859.1-022543,"NOPA,OFFSET 8.716 arcsec,PANedMedian,NedNoPA,HANDADJ PA,",0.6011322173087066,70.0,0.14756046133331932
01h29m43.9872s -01d14m29.112s,PGC 05574,,UGC 01072      U,ARAK 050,.L.....,,1.09,.12,68,.18,.05,012944.2-011429,"OFFSET 1.474 arcsec,PANedMedian,",0.6151343854061909,59.0,0.4064152580820497
01h29m47.9s -01d59m01s,PGC 05577,IC 0126,UGC 01071,,.S?....,,1.14,.13,,.07,.12,012947.9-015901 I,"OFFSET 1.380 arcsec,PANedMedian,",0.6901921323014423,110.0,0.5874487774697646
01h29m46.8432s -02d42m15.444s,PGC 05583,,MCG -01-04-056 E,,.SAS8..,,1.06,.06,,.00,.05,012946.8-024214,"OFFSET 1.996 arcsec,NedNoPA,",0.5740768107484414,0.0,0.5740768107484414
01h30m02.5008s +02d51m09s,PGC 05596,,UGC 01075      U,,.S..8*.,,.96,.09,94,.39,.06,013002.6+025109,"PANedMedian,",0.4560054196779548,94.0,0.18576761454858623
01h30m40.7s -01d59m39s,PGC 05628,NGC 0577,UGC 01080      U,IRAS01281-0215,PSBR1P.,,1.26,.04,140,.10,.04,013040.7-015939 N,"OFFSET 1.875 arcsec,PANedMedian,",0.9098504293049917,137.0,0.7227198853729637
01h31m12.2s -01d29m18s,PGC 05655,,MCG +00-04-167,ARAK 051,,,.58,.18,,.23,.07,013112.2-012918,"PANedMedian,",0.19009469816028057,90.0,0.11193605692841696
01h31m42.1392s -00d55m59.916s,PGC 05688,NGC 0585,UGC 01092      U,IRAS01291-0111,.S..1*/,,1.33,.03,86,.62,.04,013142.1-005559 N,"LOGD25,NOPA,NOAXIS,OFFSET 1.763 arcsec,PANedMedian,PANedMedian,",1.0689810447511163,86.0,0.2564306919956825
01h33m01.98s -00d41m23.352s,PGC 05771,IC 0138,UGC 01106      U,,.SXS5..,,1.06,.06,30,.14,.05,0133 2.0-004123 I,"PANedMedian,",0.5740768107484414,28.0,0.41588188555133554
01h33m07.38s +00d10m32.7s,PGC 05776,,UGC 01107      U,,.S..9..,,1.00,.11,,.00,.08,013307.5+001032,"NedNoPA,",0.5,0.0,0.5
01h33m18.6s +03d04m14.016s,PGC 05794,,UGC 01112      U,,.S..6*.,,1.12,.05,108,.36,.05,013318.8+030414,"OFFSET 22.882 arcsec,PANedMedian,",0.6591283692782037,108.0,0.2877199686685785
01h33m34.5s -01d05m26s,PGC 05803,,UGC 01116      U,,.S..8*.,,.91,.07,118,.61,.05,013334.5-010526,"PANedMedian,",0.40641525808204965,116.0,0.09976311574844399
01h33m42.2808s +03d32m35.592s,PGC 05810,,UGC 01118      U,,.SAS8*.,,1.34,.03,66,.61,.04,013341.9+033233,"PANedMedian,",1.0938808119747765,68.0,0.26851589818512644
01h34m02.4624s -01d04m32.772s,PGC 05830,,UGC 01120      U,IRAS01314-0119,.SB.2P/,,1.27,.04,139,.56,.04,013402.5-010434,"PANedMedian,",0.9310435683314338,140.0,0.2564306919956824
01h34m07.9704s -01d01m56.244s,PGC 05838,,UGC 01123      U,,.S..2*/,,1.10,.05,71,.55,.04,013408.1-010158,"PANedMedian,",0.6294627058970838,70.0,0.17740669461678776
01h34m58.3s +01d20m09s,PGC 05884,,UGC 01130,,.S?....,,.96,.07,2,.69,.05,013458.3+012009,"PANedMedian,",0.4560054196779548,3.0,0.09310435683314337
01h36m00.2s +00d39m48s,PGC 05939,NGC 0622,UGC 01143      P,MK 0571,.SBT3..,,1.26,.03,45,.15,.04,0136 0.2+003948 N,"PANedMedian,",0.9098504293049917,81.0,0.644124775846567
01h36m39.9s -01d23m45s,PGC 05971,,UGC 01151      U,,.L..-*.,,1.04,.18,15,.09,.08,013639.9-012345,"NOPA,PANedMedian,PANedMedian,",0.5482390980715925,10.0,0.4456254690668728
01h38m47.4s +01d04m18s,PGC 06090,,UGC 01169      U,,.L..0..,,1.12,.06,74,.30,.03,013847.4+010418,"NOPA,OFFSET 5.727 arcsec,PANedMedian,PANedMedian,",0.6591283692782037,74.0,0.33034672400379816
01h39m47.1s -02d02m11s,PGC 06153,,UGC 01174      U,,.S..4..,,.98,.09,103,.17,.06,013947.1-020211,"PANedMedian,",0.47749629301071794,74.0,0.32282711451732776
01h43m31.9104s +02d04m39.216s,PGC 06348,,UGC 01208      U,,.S..2..,,.96,.07,12,.29,.05,014331.9+020438,"PANedMedian,",0.4560054196779548,18.0,0.23386757064359912
01h43m57.8s +02d20m59s,PGC 06367,A 0141+02,UGC 01214      U,MK 0573,RLXT+*.,,1.13,.07,,.01,.04,014357.8+022059 A,"OFFSET 1.058 arcsec,PANedMedian,",0.6744814412958267,10.0,0.6591283692782034
01h45m03.2808s -00d18m00s,PGC 06419,,UGC 01225a+b,,.SB?...,,.64,.17,20,.11,.07,014503.4-001804,"OFFSET 1.417 arcsec,PANedMedian,",0.218257916120083,22.0,0.16942207806960127
01h45m25.4s -03d49m38s,PGC 06447,,MCG -01-05-031 E,IRAS01428-0404,.SBT4P*,,1.09,.06,,.11,.05,014525.4-034938,"OFFSET 6.207 arcsec,PANedMedian,",0.6151343854061909,160.0,0.4774962930107181
01h45m35.7s +03d21m27s,PGC 06454,,UGC 01235      U,,.S..4..,,.97,.07,143,.30,.05,014535.7+032127,"PANedMedian,",0.4666271503984955,71.0,0.23386757064359912
01h46m39.3s -03d46m49s,PGC 06518,,MCG -01-05-034 E,,.SBS8P.,,1.14,.06,,.09,.05,014639.3-034649,"LOGD25,NOPA,NOAXIS,OFFSET 9.671 arcsec,PANedMedian,NedNoPA,",0.6901921323014423,0.0,0.5610092271509816
01h49m08.4s -03d54m15s,PGC 06666,IC 0164,MCG -01-05-037 E,,.E+..*.,,1.15,.10,,.08,.07,0149 8.4-035415 I,"NOPA,PANedMedian,PANedMedian,",0.706268772311377,145.0,0.5874487774697645
01h49m15.4896s -03d41m01.248s,PGC 06674,,MCG -01-05-036 E,,.SAT6*.,,1.15,.06,,.05,.05,014915.4-034103,"NOPA,PANedMedian,PANedMedian,",0.706268772311377,175.0,0.6294627058970834
01h49m53.28s +03d40m56.28s,PGC 06726,,CGCG 386-039,,,,,,,,,014953.3+034055,"OFFSET 15.786 arcsec,PANedMedian,HANDADJ Major Minor,",0.885,170.0,0.3813333333333333
01h49m59.5s +02d05m29s,PGC 06734,,UGC 01293      U,,.S..2..,,1.00,.08,143,.19,.06,014959.5+020529,"PANedMedian,",0.5,144.0,0.3228271145173277
01h50m07.056s -00d44m24.324s,PGC 06741,,UGC 01296,,.S?....,,.95,.07,105,.66,.05,015007.0-004425,"NOPA,OFFSET 1.948 arcsec,PANedMedian,PANedMedian,",0.4456254690668727,105.0,0.09749222998790225
01h50m10.7232s +02d18m37.224s,PGC 06751,,UGC 01297      U,,.IBS9..,,1.02,.06,,.11,.05,015010.7+021835,"NedNoPA,",0.5235642740254498,0.0,0.40641525808204965
01h50m41.58s -03d56m17.808s,PGC 06791,,MCG -01-05-040 E,IRAS01481-0411,.LBR+P?,,1.02,.07,,.26,.05,015041.7-035620,"OFFSET 1.670 arcsec,PANedMedian,",0.5235642740254498,50.0,0.28771996866857846
01h51m10.7s -01d01m42s,PGC 06835,,UGC 01321      U,,.L.....,,1.04,.18,,.00,.08,015110.7-010142,"OFFSET 1.284 arcsec,PANedMedian,",0.5482390980715925,112.0,0.5482390980715925
01h51m11.22s -03d29m57.012s,PGC 06837,,MCG -01-05-042 E,,.SBS8..,,1.13,.06,,.15,.05,015111.3-032955,"OFFSET 2.344 arcsec,PANedMedian,",0.6744814412958267,40.0,0.4774962930107179
01h51m48.5s +00d15m49s,PGC 06888,,UGC 01333      U,,.S..3*.,,1.07,.06,1,.10,.05,015148.5+001549,"PANedMedian,",0.5874487774697649,103.0,0.4666271503984956
01h52m49s -03d26m49s,PGC 06966,,MCG -01-05-047 E,IRAS01503-0341,.SAS5?/,*,1.46,.04,,.86,.05,015249.0-032649,"PANedMedian,",1.4420157515633028,160.0,0.1990535852767486
01h53m04.9s -01d04m31s,PGC 06986,,UGC 01354      U,,.S..2..,,.95,.07,67,.47,.05,015304.9-010431,"PANedMedian,",0.4456254690668727,61.0,0.1509975860201008
01h53m59.1888s -00d45m01.008s,PGC 07039,,UGC 01365,IRAS01514-0059,.S?....,,1.00,.06,118,.36,.05,015359.3-004502,"OFFSET 3.000 arcsec,PANedMedian,",0.5,118.0,0.21825791612008297
01h54m08.028s -00d44m33.108s,PGC 07046,,UGC 01367      U,,.I..9*.,,1.00,.08,,.43,.06,015408.1-004433,"OFFSET 4.420 arcsec,PANedMedian,",0.5,7.0,0.18576761454858629
01h54m22.3896s -00d37m42.096s,PGC 07071,,MCG +00-05-046,ARAK 061,,,.64,.17,,.11,.07,015422.4-003741,"PANedMedian,",0.218257916120083,60.0,0.16942207806960127
01h54m41.0424s -00d08m36.024s,PGC 07090,,UGC 01382      U,,.E...?.,,1.03,.11,,.00,.05,015441.0-000836,"NOPA,PANedMedian,PANedMedian,",0.5357596526188032,55.0,0.5357596526188032
01h54m54.2s +00d48m40s,PGC 07116,IC 0172,MCG +00-05-049,ARAK 063,.S?....,,.64,.17,,.19,.07,015454.2+004840 I,"OFFSET 1.097 arcsec,PANedMedian,",0.218257916120083,99.0,0.14091914656322269
01h55m57.1s +01d17m06s,PGC 07217,IC 0173,UGC 01402      U,,.SBT4..,14.9,.95,.05,110,.12,.04,015557.1+011706 I,"PANedMedian,",0.4456254690668727,97.0,0.33804148769599085
01h56m16.1s +03d45m42s,PGC 07249,IC 0174,UGC 01409      U,,.L...?.,,1.13,.10,95,.22,.05,015616.1+034542 I,"PANedMedian,",0.6744814412958267,92.0,0.40641525808204954
01h56m47.6304s -03d44m13.704s,PGC 07301,,MCG -01-06-005 E,,PL..+P*,,1.17,.05,,.22,.05,015647.7-034415,"NOPA,OFFSET 27.727 arcsec,NedNoPA,PANedMedian,",0.7395541940841036,125.0,0.4456254690668727
01h56m53.4s -02d01m08s,PGC 07306,IC 0176,UGC 01426      U,,.S..5*.,,1.26,.04,94,.67,.04,015653.4-020108 I,"PANedMedian,",0.9098504293049917,94.0,0.19452257249714025
01h56m54.8352s -00d38m24.864s,PGC 07321,,CGCG 387-006,,,,,,,,,015654.8-003825,"NOPA,OFFSET 5.829 arcsec,NedNoPA,PANedMedian,",0.6560999495096017,55.0,0.6560999495096017
01h57m00.576s -00d05m23.46s,PGC 07326,IC 0177,CGCG 387-007,,,,,,,,,0157 0.6-000523 I,"OFFSET 1.017 arcsec,PANedMedian,",0.6560999495096017,27.0,0.6560999495096017
01h57m05.3352s -00d28m05.736s,PGC 07328,IC 1756,UGC 01429      U,IRAS01545-0042,.S..6*.,,1.13,.05,155,.75,.05,0157 5.3-002805 I,"OFFSET 1.290 arcsec,PANedMedian,",0.6744814412958267,152.0,0.1199416459509745
01h57m33.8s -02d06m07s,PGC 07368,,UGC 01442      U,,.S..8..,,1.05,.08,,.15,.06,015733.8-020607,"OFFSET 1.442 arcsec,PANedMedian,",0.5610092271509818,0.0,0.3971641173621408
01h58m02.94s +03d22m11.208s,PGC 07411,,UGC 01446a     U,KUG 0155+031,.I..9*.,,1.12,.05,51,.57,.06,015802.9+032210,"OFFSET 2.830 arcsec,PANedMedian,",0.6591283692782037,48.0,0.1774066946167878
01h58m05.2896s +03d05m01.104s,PGC 07417,A 0155+02,UGC 01449      R,MK 0582,.SB.9P*,,1.08,.05,,.23,.05,015806.7+030515 A,"PANedMedian,HANDADJ PA Major Minor,",1.1,0.0,1.1
01h58m08.6s +02d03m52s,PGC 07420,,UGC 01448      U,,.S..6*.,,1.12,.04,110,.60,.04,015808.6+020352,"PANedMedian,",0.6591283692782037,110.0,0.16556556074129558
01h58m34.9992s +03d15m25.992s,PGC 07458,,UGC 01454      U,,.SB.9..,,1.18,.06,,.07,.06,015835.1+031527,"OFFSET 3.256 arcsec,NedNoPA,",0.756780624218104,0.0,0.6441247758465669
01h58m35.8992s -01d27m25.704s,PGC 07460,,MCG +00-06-015,ARAK 069,,,.69,.15,127,.33,.07,015836.0-012724,"OFFSET 1.313 arcsec,PANedMedian,HANDADJ PA,",0.24488940968422307,50.0,0.11454338263838863
01h58m40.9s +00d31m45s,PGC 07465,NGC 0768,UGC 01457      U,IRAS01561+0017,.SBR4*.,,1.22,.04,30,.32,.04,015840.9+003145 N,"PANedMedian,",0.8297934537187802,30.0,0.3971641173621407
01h58m52.3s +00d34m05s,PGC 07484,IC 1761,CGCG 387-019,,.L?....,,.95,.10,,.24,.04,015852.3+003405 I,"PANedMedian,",0.4456254690668727,55.0,0.2564306919956824
01h59m07.5696s +01d53m23.748s,PGC 07508,,UGC 01464      U,,.IXS9*.,,1.14,.07,15,.16,.07,015907.6+015325,"PANedMedian,",0.6901921323014423,15.0,0.4774962930107179
01h59m11.3s +00d06m35s,PGC 07511,,CGCG 387-020,KUG 0156-001,,,,,,,,015911.3+000635,"OFFSET 1.326 arcsec,PANedMedian,",0.6560999495096017,87.0,0.6560999495096017
02h00m04.8696s -00d16m44.868s,PGC 07574,,UGC 01481      U,,.S..2..,,1.04,.05,147,.59,.04,020004.9-001645,"OFFSET 1.978 arcsec,PANedMedian,",0.5482390980715925,147.0,0.1409191465632227
02h01m20.9736s -01d18m11.484s,PGC 07675,,MCG +00-06-022,MK 1015,.S?....,,,,,,,020121.1-011811,"PANedMedian,",0.6560999495096017,70.0,0.6560999495096017
02h02m11.8464s -00d07m49.548s,PGC 07740,NGC 0800,UGC 01526      U,IRAS01596-0021,.SAT5*.,13.70V,1.01,.05,10,.07,.04,020211.8-000749 N,"NOPA,OFFSET 5.908 arcsec,PANedMedian,PANedMedian,",0.511646496140377,10.0,0.4354817949780403
02h02m12.3384s -00d06m02.268s,PGC 07741,NGC 0799,UGC 01527      U,,PSBS1*.,12.97V,1.30,.04,100,.06,.04,020212.3-000602 N,"NOPA,OFFSET 1.928 arcsec,PANedMedian,PANedMedian,",0.9976311574844399,42.0,0.8689004143746878
02h02m17.3s -01d07m41s,PGC 07748,,UGC 01525      U,,.E.....,,1.06,.11,,.15,.05,020217.3-010741,"OFFSET 2.350 arcsec,PANedMedian,",0.5740768107484414,60.0,0.40641525808204965
02h03m05.2s +02d36m51s,PGC 07812,IC 0194,UGC 01542      U,,.S..3*/,,1.16,.04,13,.79,.04,0203 5.2+023651 I,"PANedMedian,",0.7227198853729636,11.0,0.11721144076599606
02h03m30.4s +02d33m58s,PGC 07834,A 0200+02,,MK 0585,,,,,,,,020330.4+023358 A,"NOPA,OFFSET 4.670 arcsec,NedNoPA,HANDADJ Major Minor,HANDADJ Major Minor,",0.46499999999999997,15.0,0.3813333333333333
02h04m04.9s +02d47m12s,PGC 07875,IC 0197,UGC 01564      U,KUG 0201+025,.SB.4*.,,1.00,.05,55,.30,.04,0204 4.9+024712 I,"PANedMedian,",0.5,55.0,0.2505936168136362
02h05m40.32s -00d41m41.388s,PGC 07979,,UGC 01588      U,,.S..6*.,,1.10,.05,150,.83,.05,020540.4-004142,"OFFSET 1.710 arcsec,PANedMedian,",0.6294627058970838,150.0,0.09310435683314339
02h06m15.9888s -00d17m29.184s,PGC 08029,,UGC 01597      U,MK 1018,.L.....,,1.04,.11,0,.14,.05,020616.0-001729,"OFFSET 1.013 arcsec,PANedMedian,",0.5482390980715925,170.0,0.3971641173621408
02h06m25.9344s +03d42m21.456s,PGC 08039,IC 1779,CGCG 387-035,,,,,,,,,020626.0+034221 I,"OFFSET 2.139 arcsec,PANedMedian,",0.6560999495096017,120.0,0.6560999495096017
02h06m36.8s +01d30m57s,PGC 08056,,UGC 01600      U,,.S..7..,,1.07,.06,111,.88,.05,020636.8+013057,"NOPA,OFFSET 2.820 arcsec,PANedMedian,PANedMedian,",0.5874487774697649,110.0,0.07744083094562408
02h06m42.5136s -00d51m37.548s,PGC 08060,,UGC 01603      U,,.SA.8*.,,1.09,.06,,.08,.05,020642.5-005137,"NOPA,OFFSET 4.440 arcsec,PANedMedian,PANedMedian,",0.6151343854061909,125.0,0.5116464961403772
02h06m52.7928s -00d31m05.124s,PGC 08067,IC 1781,CGCG 387-037,,,,,,,,,020652.8-003105 I,"LOGD25,NOPA,NOAXIS,PANedMedian,PANedMedian,",0.6560999495096017,116.0,0.6560999495096017
02h07m25.2816s +02d06m57.996s,PGC 08096,,MCG +00-06-033,ARAK 074,.L?....,15.80S,.42,,,.00,.07,020725.4+020658,"PANedMedian,",0.13151339959476907,165.0,0.13151339959476907
02h07m27.4s -02d05m28s,PGC 08098,IC 0205,UGC 01613      U,,.SBS1..,,.99,.06,,.02,.05,020727.4-020528 I,"LOGD25,NOPA,NOAXIS,OFFSET 1.160 arcsec,PANedMedian,PANedMedian,",0.48861861047790534,45.0,0.4666271503984955
02h07m34.1s +02d06m55s,PGC 08110,,UGC 01617      U,ARAK 075,.L..-*.,14.99S,.90,.15,,.05,.05,020734.1+020655,"PANedMedian,",0.39716411736214075,40.0,0.35397289219206896
02h07m37.4928s +02d10m50.448s,PGC 08114,,UGC 01618      U,HICK 015D,.L..-*.,15.28S,.94,.14,,.05,.05,020737.6+021050,"NOPA,OFFSET 8.369 arcsec,PANedMedian,PANedMedian,",0.43548179497804024,60.0,0.3881235583143458
02h07m39.78s +02d08m58.812s,PGC 08117,,UGC 01620      U,HICK 015C,.L..-*.,14.59S,.90,.15,,.00,.05,020739.7+020859,"OFFSET 2.028 arcsec,PANedMedian,",0.39716411736214075,110.0,0.39716411736214075
02h07m53.0808s +02d10m03.396s,PGC 08128,,UGC 01624      U,HICK 015A,.L...*.,14.73S,1.03,.11,130,.30,.05,020753.2+021003,"OFFSET 1.615 arcsec,PANedMedian,",0.5357596526188032,132.0,0.2685158981851264
02h08m04.9512s +01d53m39.804s,PGC 08148,,UGC 01627,MK 1174,.S?....,,.93,.07,70,.40,.05,020805.0+015341,"PANedMedian,",0.4255690191011883,72.0,0.1694220780696013
02h08m20.1744s +01d11m03.336s,PGC 08157,,MCG +00-06-043,,.S?....,,.82,.13,,.08,.07,020820.1+011102,"PANedMedian,",0.33034672400379794,99.0,0.2747704369288122
02h08m51.2496s +02d43m09.084s,PGC 08188,,UGC 01643      U,KUG 0206+024,.SB.3..,,.90,.05,13,.26,.04,020851.3+024310,"OFFSET 2.302 arcsec,PANedMedian,",0.39716411736214075,91.0,0.21825791612008297
02h10m22.5312s +01d12m04.212s,PGC 08302,,UGC 01665      U,,.I..9*.,,.96,.09,,.00,.06,021022.6+011204,"PANedMedian,",0.4560054196779548,116.0,0.4560054196779548
02h10m52.5672s -02d48m21.78s,PGC 08339,,MCG -01-06-063 E,,PSBR2..,,1.11,.06,,.23,.05,021052.8-024826,"NOPA,OFFSET 2.691 arcsec,NedNoPA,NedNoPA,HANDADJ PA,",0.6441247758465671,115.0,0.37928878751459194
02h11m06.4008s -00d39m18.396s,PGC 08356,,MCG +00-06-047,,,,.74,.14,73,.38,.07,021106.5-003918,"LOGD25,NOAXIS,OFFSET 34.410 arcsec,PANedMedian,HANDADJ PA,",0.27477043692881226,115.0,0.11454338263838865
02h11m08s +03d51m09s,PGC 08360,IC 0211,UGC 01678      U,IRAS02085+0337,.SXS6..,*,1.36,.03,45,.10,.04,0211 8.0+035109 I,"OFFSET 34.869 arcsec,PANedMedian,",1.1454338263838868,72.0,0.9098504293049919
02h11m12.1s +03d46m47s,PGC 08368,NGC 0851,UGC 01680      U,MK 0588,.LB.+*.,*,1.00,.05,135,.20,.03,021112.1+034647 N,"NOPA,OFFSET 2.145 arcsec,NedNoPA,PANedMedian,",0.5,127.0,0.3154786722400966
02h11m13.6128s -01d29m08.088s,PGC 08369,NGC 0850,UGC 01679      U,,.LXS+..,*,1.06,.06,85,.03,.07,021113.6-012907 N,"OFFSET 1.016 arcsec,PANedMedian,",0.5740768107484414,105.0,0.5357596526188032
02h12m20.4096s -02d08m29.616s,PGC 08435,,UGC 01697      U,,.S..3..,,1.08,.06,135,.37,.05,021220.5-020829,"OFFSET 2.558 arcsec,PANedMedian,",0.6011322173087066,135.0,0.25643069199568247
02h12m19.6848s -00d48m41.436s,PGC 08439,,UGC 01698      U,,PSBR1*.,,1.06,.05,105,.07,.04,021219.7-004841,"PANedMedian,",0.5740768107484414,110.0,0.48861861047790534
02h13m38.3592s -00d43m02.244s,PGC 08526,NGC 0856,UGC 01713      U,,PSAT0*.,,1.11,.05,20,.15,.04,021338.4-004302 N,"LOGD25,NOPA,NOAXIS,OFFSET 9.931 arcsec,NedNoPA,PANedMedian,",0.6441247758465671,17.0,0.456005419677955
02h14m25.8792s +01d28m11.388s,PGC 08582,,UGC 01725      U,KUG 0211+012,.S..8*.,,1.02,.04,84,.80,.05,021425.8+012811,"NOPA,OFFSET 17.386 arcsec,NedNoPA,PANedMedian,",0.5235642740254498,79.0,0.08297934537187802
02h14m33.5616s -00d46m00.084s,PGC 08586,NGC 0863,UGC 01727      U,MK 0590,.SAS1*.,,1.03,.03,,.03,.04,021433.6-004600 N,"OFFSET 2.496 arcsec,PANedMedian,",0.5357596526188032,171.0,0.5
02h15m37.92s +01d39m43.092s,PGC 08635,,UGC 01741      U,IRAS02130+0125,.SB.4..,,.93,.07,178,.47,.05,021538.0+013943,"OFFSET 7.675 arcsec,PANedMedian,",0.4255690191011883,89.0,0.1442015751563303
02h15m53.9s +01d46m55s,PGC 08653,,UGC 01746      U,,.SBT7*.,,1.11,.05,95,.12,.04,021553.9+014655,"PANedMedian,",0.6441247758465671,45.0,0.48861861047790545
02h15m58.4784s -00d42m49.068s,PGC 08659,NGC 0868,UGC 01748      E,,.L..-*.,,1.11,.10,95,.10,.06,021558.5-004248 N,"OFFSET 3.614 arcsec,PANedMedian,",0.6441247758465671,102.0,0.5116464961403772
02h16m53.9s +02d12m12s,PGC 08707,,UGC 01756      E,,.L..0*/,,1.05,.06,52,.41,.05,021653.9+021212,"LOGD25,NOPA,NOAXIS,OFFSET 2.990 arcsec,PANedMedian,PANedMedian,",0.5610092271509818,48.0,0.21825791612008305
02h17m04.8s +01d14m39s,PGC 08718,NGC 0875,UGC 01760      U,,.L..+*.,,1.06,.05,105,.02,.04,0217 4.8+011439 N,"PANedMedian,",0.5740768107484414,82.0,0.5482390980715925
02h17m12.0264s +01d42m18.468s,PGC 08725,,CGCG 387-067,MK 0591,,,.50,.14,,.00,.12,021711.8+014221,"LOGD25,NOPA,NOAXIS,OFFSET 7.993 arcsec,PANedMedian,PANedMedian,",0.15811388300841897,50.0,0.15811388300841897
02h19m41.1288s -00d15m20.34s,PGC 08876,A 0217+00,UGC 01794      U,MK 0592,PSXS3P.,,1.06,.04,10,.09,.04,021941.2-001521 A,"OFFSET 5.266 arcsec,PANedMedian,",0.5740768107484414,160.0,0.4666271503984955
02h19m58.7s +01d55m48s,PGC 08887,,UGC 01797      U,,.S..0..,,1.00,.07,135,.28,.05,021958.7+015548,"NOPA,OFFSET 3.823 arcsec,PANedMedian,PANedMedian,",0.5,132.0,0.26240373012488627
02h20m53.4312s +00d33m24.336s,PGC 08929,,UGC 01809      U,KUG 0218+003,.S..0..,,.98,.07,60,.21,.04,022053.5+003325,"PANedMedian,",0.47749629301071794,60.0,0.29442182767779446
02h21m40.5s +00d15m19s,PGC 08979,,UGC 01824      U,,.S..0..,,.93,.07,30,.22,.05,022140.5+001519,"OFFSET 1.877 arcsec,PANedMedian,",0.4255690191011883,45.0,0.25643069199568247
02h22m30.024s -00d37m03.18s,PGC 09028,,UGC 01839      U,,.S..7*/,,1.31,.04,45,.93,.05,022230.0-003704,"PANedMedian,",1.0208689723347648,45.0,0.11994164595097452
02h24m24.8s -02d09m45s,PGC 09126,,UGC 01862      U,,.SXT7P*,,1.22,.03,10,.11,.04,022424.8-020945,"PANedMedian,",0.8297934537187802,72.0,0.6441247758465669
02h24m29.2704s +01d50m28.104s,PGC 09128,,UGC 01863      U,,.SXS5..,,.92,.06,,.01,.04,022429.2+015028,"PANedMedian,",0.41588188555133554,110.0,0.40641525808204965
02h26m06.7104s -00d19m54.948s,PGC 09256,NGC 0926,UGC 01901      P,IRAS02235-0033,.SBT4*.,14.02,1.26,.03,36,.28,.04,0226 6.7-001955 N,"PANedMedian,",0.9098504293049917,36.0,0.47749629301071794
02h26m19.2048s -01d33m05.796s,PGC 09269,,UGC 01905      U,,.L.....,,.96,.09,,.06,.03,022619.1-013306,"NOPA,OFFSET 2.219 arcsec,PANedMedian,PANedMedian,",0.4560054196779548,80.0,0.3971641173621407
02h26m28.3s +01d09m37s,PGC 09283,IC 0225,UGC 01907      U,MK 1038,.E.....,,.83,.09,,.05,.07,022628.3+010937 I,"OFFSET 10.105 arcsec,PANedMedian,",0.33804148769599085,165.0,0.30127979303717883
02h27m00.1992s -02d41m42s,PGC 09321,,E,,.S..7./,,1.07,.09,,.82,.08,022700.3-024142,"OFFSET 1.225 arcsec,NedNoPA,HANDADJ PA,",0.5874487774697649,70.0,0.08891397050194616
02h27m17.5608s -03d53m58.2s,PGC 09333,,MCG -01-07-013 E,,.SBS8..,,1.04,.07,,.10,.05,022723.8-035735,"PANedMedian,",0.5482390980715925,65.0,0.43548179497804035
02h27m25.5456s +02d06m18.108s,PGC 09347,,UGC 01923      U,,.S..8*.,,.93,.07,,.29,.05,022725.6+020619,"NOPA,OFFSET 11.679 arcsec,NedNoPA,NedNoPA,HANDADJ PA,",0.4255690191011883,30.0,0.21825791612008305
02h27m32.928s -00d14m40.344s,PGC 09352,NGC 0934,UGC 01926      U,,.LX.-..,14.0,1.13,.07,130,.17,.04,022732.9-001440 N,"PANedMedian,",0.6744814412958267,122.0,0.45600541967795477
02h27m37.4592s -01d09m22.608s,PGC 09359,NGC 0936,UGC 01929      R,,.LBT+..,11.12M,1.67,.02,135,.06,.02,022737.4-010921 N,"NOPA,PANedMedian,PANedMedian,",2.3386757064359904,105.0,2.036901389020563
02h27m51.4s +00d30m06s,PGC 09376,,UGC 01934      U,,.S..4*/,,1.16,.04,112,.70,.04,022751.4+003006,"NOPA,PANedMedian,PANedMedian,",0.7227198853729636,115.0,0.1442015751563303
01h06m23.931s -00d08m41.66s,,Mrk 560,,,,,0.0,0.0,0.0,0.0,0.0,,"Source Split from PGC 03922, Added Manually",0.5816666666666667,0.4766666666666667,120.0
